year,vol_type,dimension,category,men_count,men_perc,women_count,women_perc,men_avg_hours,women_avg_hours
2022,Formal,Formal_Areas,disaster_rescue,339.0,79.2,89.2,20.8,,
2022,Formal,Formal_Areas,arts_culture,234.0,55.6,186.6,44.4,,
2022,Formal,Formal_Areas,environment_nature,119.1,57.0,89.8,43.0,,
2022,Formal,Formal_Areas,religion_church,156.5,40.2,232.7,59.8,,
2022,Formal,Formal_Areas,social_health,130.3,42.6,175.7,57.4,,
2022,Formal,Formal_Areas,politics_advocacy,156.9,67.3,76.3,32.7,,
2022,Formal,Formal_Areas,civic_community,167.8,59.6,113.9,40.4,,
2022,Formal,Formal_Areas,education,68.0,45.0,83.0,55.0,,
2022,Formal,Formal_Areas,sports,400.5,69.1,179.2,30.9,,
2022,Formal,Formal_Areas,refugee_aid,41.9,44.8,51.7,55.2,,
2022,Informal,Informal_Areas,household_tasks,423.3,42.7,568.5,57.3,,
2022,Informal,Informal_Areas,repairs_crafts,790.8,83.3,158.3,16.7,,
2022,Informal,Informal_Areas,visit_services,359.9,38.5,573.6,61.5,,
2022,Informal,Informal_Areas,care_dependent,175.9,37.5,293.3,62.5,,
2022,Informal,Informal_Areas,transport_services,403.5,45.4,485.3,54.6,,
2022,Informal,Informal_Areas,garden_support,447.6,60.2,296.4,39.8,,
2022,Informal,Informal_Areas,disaster_aid,266.5,73.6,95.5,26.4,,
2022,Informal,Informal_Areas,admin_paperwork,246.9,47.2,275.8,52.8,,
2022,Informal,Informal_Areas,tutoring,113.6,43.0,150.8,57.0,,
2022,Informal,Informal_Areas,childcare,264.2,33.7,520.4,66.3,,
2022,Informal,Informal_Areas,refugee_support,64.2,47.2,71.7,52.8,,
2022,Informal,Informal_Areas,other_informal,142.3,53.9,121.5,46.1,,
2022,Formal,Formal_NumberOfOrgs,1 Organisation,721.6,57.6,531.7,42.4,,
2022,Formal,Formal_NumberOfOrgs,2 Organisationen,252.0,58.9,175.9,41.1,,
2022,Formal,Formal_NumberOfOrgs,3 Organisationen,89.5,58.2,64.2,41.8,,
2022,Formal,Formal_NumberOfOrgs,4 oder mehr Organisationen,67.0,59.3,46.1,40.7,,
2022,Formal,Formal_TaskTypes,Leitungsfunktion,337.1,69.2,149.9,30.8,,
2022,Formal,Formal_TaskTypes,Kernaufgaben,580.1,60.9,372.9,39.1,,
2022,Formal,Formal_TaskTypes,Unterstützende Aufgaben,391.0,49.7,396.0,50.3,,
2022,Total,Total_Time/week,avg_hours_summary,1825.9,,1682.3,,6.69,7.1
2022,Formal,Formal_Time/week,avg_hours_summary,1040.5,,738.6,,5.23,4.23
2022,Informal,Informal_Time/week,avg_hours_summary,1292.9,,1322.3,,5.23,6.67
2025,Formal,Formal_Areas,disaster_rescue,330.1,76.0,104.3,24.0,,
2025,Formal,Formal_Areas,arts_culture,195.1,48.8,204.5,51.2,,
2025,Formal,Formal_Areas,environment_nature,96.8,55.0,79.3,45.0,,
2025,Formal,Formal_Areas,religion_church,140.3,42.5,189.7,57.5,,
2025,Formal,Formal_Areas,social_health,97.0,36.0,172.3,64.0,,
2025,Formal,Formal_Areas,politics_advocacy,130.9,69.9,56.4,30.1,,
2025,Formal,Formal_Areas,civic_community,122.1,55.5,98.0,44.5,,
2025,Formal,Formal_Areas,education,68.3,36.0,121.6,64.0,,
2025,Formal,Formal_Areas,sports,346.4,67.1,170.1,32.9,,
2025,Formal,Formal_Areas,other_area,54.0,57.6,39.6,42.4,,
2025,Informal,Informal_Areas,household_tasks,546.8,41.6,768.3,58.4,,
2025,Informal,Informal_Areas,repairs_crafts,954.7,76.2,298.9,23.8,,
2025,Informal,Informal_Areas,garden_support,660.1,60.1,437.5,39.9,,
2025,Informal,Informal_Areas,visit_services,253.8,39.1,394.7,60.9,,
2025,Informal,Informal_Areas,childcare,326.6,34.6,616.1,65.4,,
2025,Informal,Informal_Areas,care_dependent,245.6,37.1,415.9,62.9,,
2025,Informal,Informal_Areas,transport_services,474.2,47.3,529.2,52.7,,
2025,Informal,Informal_Areas,disaster_aid,169.0,65.1,90.7,34.9,,
2025,Informal,Informal_Areas,admin_paperwork,257.9,44.1,326.4,55.9,,
2025,Informal,Informal_Areas,tutoring,85.8,41.3,122.1,58.7,,
2025,Informal,Informal_Areas,other_informal,56.1,46.6,64.3,53.4,,
2025,Formal,Formal_NumberOfOrgs,1 Organisation,736.4,56.0,579.3,44.0,,
2025,Formal,Formal_NumberOfOrgs,2 Organisationen,246.3,60.5,161.1,39.5,,
2025,Formal,Formal_NumberOfOrgs,3 Organisationen,63.1,58.8,44.2,41.2,,
2025,Formal,Formal_NumberOfOrgs,4 oder mehr Organisationen,21.0,67.9,9.9,32.1,,
2025,Formal,Formal_TaskTypes,Persönliche Hilfeleistungen,307.0,60.8,198.2,39.2,,
2025,Formal,Formal_TaskTypes,Organisation und Durchführung von (Hilfs-)Projekten,64.2,48.9,67.0,51.1,,
2025,Formal,Formal_TaskTypes,Organisation und Durchführung von Treffen und Veranstaltungen,278.8,57.1,209.8,42.9,,
2025,Formal,Formal_TaskTypes,Beratung,62.1,62.8,36.8,37.2,,
2025,Formal,Formal_TaskTypes,Anleiten einer Gruppe und pädagogische Betreuung,59.0,45.6,70.5,54.4,,
2025,Formal,Formal_TaskTypes,Interessenvertretung und Mitsprache,80.2,64.8,43.6,35.2,,
2025,Formal,Formal_TaskTypes,Informations- und Öffentlichkeitsarbeit,49.2,43.2,64.9,56.8,,
2025,Formal,Formal_TaskTypes,Verwaltungs- und Bürotätigkeiten,85.0,59.1,58.7,40.9,,
2025,Formal,Formal_TaskTypes,Vernetzung,34.5,58.5,24.5,41.5,,
2025,Formal,Formal_TaskTypes,Fundraising und Spenden sammeln,30.9,51.5,29.0,48.5,,
2025,Formal,Formal_TaskTypes,Leitungs- und Führungsaufgaben,96.9,68.6,44.3,31.4,,
2025,Formal,Formal_TaskTypes,Etwas anderes,216.0,55.2,175.2,44.8,,
2025,Total,Total_Time/week,avg_hours_summary,,,1806.8,,,6.28
2025,Formal,Formal_Time/week,avg_hours_summary,,,794.6,,,2.97
2025,Informal,Informal_Time/week,avg_hours_summary,,,1507.2,,,5.97
2006,Formal,Formal_NumberOfOrgs,1 Organisation,648.3,53.4,565.7,46.6,,
2006,Formal,Formal_NumberOfOrgs,2 Organisations,279.1,62.9,164.6,37.1,,
2006,Formal,Formal_NumberOfOrgs,3 Organisations,71.9,54.3,60.5,45.7,,
2006,Formal,Formal_NumberOfOrgs,4 or more Organisations,75.4,59.8,50.7,40.2,,
2006,Formal,Formal_TaskTypes,Leadership,365.9,65.9,189.3,34.1,,
2006,Formal,Formal_TaskTypes,Core tasks,571.4,64.3,316.9,35.7,,
2006,Formal,Formal_TaskTypes,Support tasks,364.2,46.2,423.4,53.8,,
2006,Formal,Formal_Areas,Disaster relief and rescue services,392.6,81.0,92.1,19.0,,
2006,Formal,Formal_Areas,"Arts, culture, entertainment",207.1,56.7,158.0,43.3,,
2006,Formal,Formal_Areas,"Environment, nature and animal protection",105.8,55.1,86.0,44.9,,
2006,Formal,Formal_Areas,Religion and Church,155.8,35.6,282.1,64.4,,
2006,Formal,Formal_Areas,Social and Health,139.1,44.8,171.4,55.2,,
2006,Formal,Formal_Areas,Political work and advocacy,183.8,70.5,77.1,29.5,,
2006,Formal,Formal_Areas,Civic activities and community,174.5,58.5,124.0,41.5,,
2006,Formal,Formal_Areas,Education,57.7,41.7,80.7,58.3,,
2006,Formal,Formal_Areas,Sports and exercise,415.0,69.6,181.1,30.4,,
2006,Formal,Formal_Areas,Refugee aid,39.5,40.3,58.6,59.7,,
2006,Informal,Informal_Areas,Various housework,401.7,40.9,579.4,59.1,,
2006,Informal,Informal_Areas,"Repairs, craft work",786.8,86.3,124.4,13.7,,
2006,Informal,Informal_Areas,Visits to persons requiring care,367.8,36.3,644.3,63.7,,
2006,Informal,Informal_Areas,Care for people in need of care,170.9,41.2,244.3,58.8,,
2006,Informal,Informal_Areas,Travel services,422.1,42.6,569.5,57.4,,
2006,Informal,Informal_Areas,gardening,471.9,64.2,263.3,35.8,,
2006,Informal,Informal_Areas,Assistance in disasters,305.5,76.4,94.4,23.6,,
2006,Informal,Informal_Areas,Official procedures and correspondence,295.0,50.7,286.9,49.3,,
2006,Informal,Informal_Areas,Tutoring,105.7,39.3,163.2,60.7,,
2006,Informal,Informal_Areas,Childcare,309.6,38.2,501.8,61.8,,
2006,Informal,Informal_Areas,Care for refugees,78.9,50.8,76.5,49.2,,
2006,Informal,Informal_Areas,Other activity,155.9,57.8,114.1,42.2,,
2006,Formal,Formal_Time/week,<1 hour,308.2,55.3,249.3,44.7,,
2006,Formal,Formal_Time/week,1-4 hours,431.5,60.6,280.1,39.4,,
2006,Formal,Formal_Time/week,5-9 hours,150.5,67.8,71.4,32.2,,
2006,Formal,Formal_Time/week,10-19 hours,98.3,63.2,57.3,36.8,,
2006,Formal,Formal_Time/week,20 hours or more,66.0,65.0,35.5,35.0,,
2006,Informal,Informal_Time/week,<1 hour,627.5,61.3,396.5,38.7,,
2006,Informal,Informal_Time/week,1-4 hours,448.2,49.3,461.2,50.7,,
2006,Informal,Informal_Time/week,5-9 hours,145.2,38.6,230.8,61.4,,
2006,Informal,Informal_Time/week,10-19 hours,145.5,47.6,159.9,52.4,,
2006,Informal,Informal_Time/week,20 hours or more,93.4,46.6,107.0,53.4,,
2012,Formal,Formal_NumberOfOrgs,1 Organisation,633.6,53.9,542.7,46.1,,
2012,Formal,Formal_NumberOfOrgs,2 Organisations,242.6,58.3,173.6,41.7,,
2012,Formal,Formal_NumberOfOrgs,3 Organisations,80.9,57.9,58.9,42.1,,
2012,Formal,Formal_NumberOfOrgs,4 or more Organisations,69.7,61.5,43.6,38.5,,
2012,Formal,Formal_TaskTypes,Leadership,371.4,69.8,161.0,30.2,,
2012,Formal,Formal_TaskTypes,Core tasks,560.4,61.6,349.0,38.4,,
2012,Formal,Formal_TaskTypes,Support tasks,417.8,53.2,367.3,46.8,,
2012,Formal,Formal_Areas,Disaster relief and rescue services,330.4,80.1,82.0,19.9,,
2012,Formal,Formal_Areas,"Arts, culture, entertainment",249.1,52.7,223.5,47.3,,
2012,Formal,Formal_Areas,"Environment, nature and animal protection",136.8,59.2,94.5,40.8,,
2012,Formal,Formal_Areas,Religion and Church,120.5,36.4,210.3,63.6,,
2012,Formal,Formal_Areas,Social and Health,122.9,43.6,158.9,56.4,,
2012,Formal,Formal_Areas,Political work and advocacy,131.2,62.9,77.4,37.1,,
2012,Formal,Formal_Areas,Civic activities and community,160.9,61.8,99.4,38.2,,
2012,Formal,Formal_Areas,Education,72.0,47.0,81.1,53.0,,
2012,Formal,Formal_Areas,Sports and exercise,415.7,73.4,150.5,26.6,,
2012,Formal,Formal_Areas,Refugee aid,38.9,48.7,41.1,51.3,,
2012,Informal,Informal_Areas,Various housework,449.4,41.3,638.2,58.7,,
2012,Informal,Informal_Areas,"Repairs, craft work",851.5,86.7,131.0,13.3,,
2012,Informal,Informal_Areas,Visits to persons requiring care,363.3,34.6,688.0,65.4,,
2012,Informal,Informal_Areas,Care for people in need of care,166.5,36.6,288.9,63.4,,
2012,Informal,Informal_Areas,Travel services,355.8,40.5,523.1,59.5,,
2012,Informal,Informal_Areas,gardening,427.1,56.3,331.8,43.7,,
2012,Informal,Informal_Areas,Assistance in disasters,272.5,69.7,118.5,30.3,,
2012,Informal,Informal_Areas,Official procedures and correspondence,301.5,50.9,290.7,49.1,,
2012,Informal,Informal_Areas,Tutoring,104.3,42.0,144.1,58.0,,
2012,Informal,Informal_Areas,Childcare,259.0,29.4,620.9,70.6,,
2012,Informal,Informal_Areas,Care for refugees,52.7,42.8,70.4,57.2,,
2012,Informal,Informal_Areas,Other activity,154.5,54.5,129.1,45.5,,
2012,Formal,Formal_Time/week,<1 hour,348.0,49.5,354.8,50.5,,
2012,Formal,Formal_Time/week,1-4 hours,416.5,61.1,264.6,38.9,,
2012,Formal,Formal_Time/week,5-9 hours,138.6,66.9,68.5,33.1,,
2012,Formal,Formal_Time/week,10-19 hours,107.7,62.5,64.6,37.5,,
2012,Formal,Formal_Time/week,20 hours or more,63.3,70.2,26.9,29.8,,
2012,Informal,Informal_Time/week,<1 hour,530.5,53.5,460.7,46.5,,
2012,Informal,Informal_Time/week,1-4 hours,317.5,44.3,399.8,55.7,,
2012,Informal,Informal_Time/week,5-9 hours,130.9,36.2,230.9,63.8,,
2012,Informal,Informal_Time/week,10-19 hours,131.1,43.1,173.3,56.9,,
2012,Informal,Informal_Time/week,20 hours or more,77.8,39.5,119.4,60.5,,
2016,Formal,Formal_NumberOfOrgs,1 Organisation,657.6,57.5,486.2,42.5,,
2016,Formal,Formal_NumberOfOrgs,2 Organisations,233.7,57.5,172.5,42.5,,
2016,Formal,Formal_NumberOfOrgs,3 Organisations,88.1,53.8,75.6,46.2,,
2016,Formal,Formal_NumberOfOrgs,4 or more Organisations,62.4,63.0,36.7,37.0,,
2016,Formal,Formal_TaskTypes,Leadership,362.1,65.7,188.8,34.3,,
2016,Formal,Formal_TaskTypes,Core tasks,567.6,57.1,426.1,42.9,,
2016,Formal,Formal_TaskTypes,Support tasks,441.3,52.1,405.0,47.9,,
2016,Formal,Formal_Areas,Disaster relief and rescue services,298.1,77.7,85.6,22.3,,
2016,Formal,Formal_Areas,"Arts, culture, entertainment",186.3,50.7,180.9,49.3,,
2016,Formal,Formal_Areas,"Environment, nature and animal protection",130.6,61.7,81.2,38.3,,
2016,Formal,Formal_Areas,Religion and Church,156.6,42.0,215.8,58.0,,
2016,Formal,Formal_Areas,Social and Health,121.4,41.5,171.2,58.5,,
2016,Formal,Formal_Areas,Political work and advocacy,164.3,66.5,82.8,33.5,,
2016,Formal,Formal_Areas,Civic activities and community,189.0,61.5,118.2,38.5,,
2016,Formal,Formal_Areas,Education,60.1,42.2,82.3,57.8,,
2016,Formal,Formal_Areas,Sports and exercise,446.2,68.6,203.8,31.4,,
2016,Formal,Formal_Areas,Refugee aid,45.3,49.3,46.5,50.7,,
2016,Informal,Informal_Areas,Various housework,470.8,47.3,525.5,52.7,,
2016,Informal,Informal_Areas,"Repairs, craft work",816.0,80.0,204.4,20.0,,
2016,Informal,Informal_Areas,Visits to persons requiring care,387.6,40.0,581.9,60.0,,
2016,Informal,Informal_Areas,Care for people in need of care,155.6,35.7,279.9,64.3,,
2016,Informal,Informal_Areas,Travel services,386.8,48.8,406.0,51.2,,
2016,Informal,Informal_Areas,gardening,457.8,59.5,311.8,40.5,,
2016,Informal,Informal_Areas,Assistance in disasters,235.3,68.7,107.4,31.3,,
2016,Informal,Informal_Areas,Official procedures and correspondence,274.4,50.4,269.9,49.6,,
2016,Informal,Informal_Areas,Tutoring,123.7,41.2,176.1,58.8,,
2016,Informal,Informal_Areas,Childcare,322.9,36.0,573.5,64.0,,
2016,Informal,Informal_Areas,Care for refugees,58.5,43.1,77.4,56.9,,
2016,Informal,Informal_Areas,Other activity,127.2,52.8,113.7,47.2,,
2016,Formal,Formal_Time/week,<1 hour,317.3,57.2,237.7,42.8,,
2016,Formal,Formal_Time/week,1-4 hours,380.0,56.8,289.3,43.2,,
2016,Formal,Formal_Time/week,5-9 hours,125.2,61.3,79.0,38.7,,
2016,Formal,Formal_Time/week,10-19 hours,109.7,69.6,47.9,30.4,,
2016,Formal,Formal_Time/week,20 hours or more,56.1,66.5,28.3,33.5,,
2016,Informal,Informal_Time/week,<1 hour,651.5,62.3,394.7,37.7,,
2016,Informal,Informal_Time/week,1-4 hours,354.2,45.8,418.9,54.2,,
2016,Informal,Informal_Time/week,5-9 hours,143.8,37.5,239.6,62.5,,
2016,Informal,Informal_Time/week,10-19 hours,131.9,44.3,165.7,55.7,,
2016,Informal,Informal_Time/week,20 hours or more,94.0,45.4,113.1,54.6,,
