year,region,total_pop,perc_volunteers_from_pop,perc_formal_from_pop,perc_informal_from_pop,total_volunteers,avg_hours_vlntrs,avg_hours_formal,avg_hours_informal,median_hours_vlntrs,median_hours_formal,median_hours_informal,25_hrs_vlntrs,75_hrs_vlntrs,25_hrs_formal,75_hrs_formal,25_hrs_informal,75_hrs_informal
2006,Austria,7200,44.0,28.0,27.0,3168.0,6.11,4.29,5.31,2.57,1.78,1.92,0.69,7.13,0.45,4.45,0.43,6.23
2006,Burgenland,243,41.42,26.59,24.72,100.65,5.4,2.88,5.46,2.37,1.64,2.05,0.69,7.06,0.44,3.12,0.52,7.54
2006,Carinthia,459,44.62,26.59,28.32,204.81,5.96,4.17,5.21,2.53,1.78,2.08,0.89,7.06,0.62,4.45,0.52,7.06
2006,Lower Austria,1368,46.85,30.28,27.66,640.91,6.63,4.36,6.1,2.33,1.55,2.04,0.69,8.43,0.42,4.39,0.43,7.74
2006,Upper Austria,1198,45.51,33.64,27.0,545.21,6.47,4.69,5.17,2.67,1.67,1.81,0.73,7.12,0.43,4.99,0.42,5.34
2006,Salzburg,449,47.92,32.34,28.03,215.16,6.67,5.45,5.16,3.15,2.2,2.49,0.83,8.31,0.62,6.23,0.46,7.13
2006,Styria,1015,43.38,27.67,26.34,440.31,5.92,3.94,5.34,2.7,1.8,2.25,0.86,7.13,0.52,4.45,0.62,6.24
2006,Tyrol,611,48.54,36.03,29.28,296.58,5.86,3.78,5.01,2.67,1.78,1.78,0.65,7.2,0.42,4.81,0.42,6.23
2006,Vorarlberg,317,47.3,32.23,27.51,149.94,5.97,3.39,5.79,2.73,1.51,2.67,0.83,6.83,0.42,3.71,0.83,6.59
2006,Vienna,1540,37.05,17.04,25.46,570.57,5.58,4.49,4.57,2.08,1.67,1.51,0.52,6.21,0.55,3.87,0.42,5.19
2012,Austria,7331,46.0,28.0,31.0,3372.26,6.39,4.49,5.55,2.69,1.86,2.01,0.72,7.45,0.47,4.66,0.45,6.52
2012,Burgenland,247,43.3,26.59,28.38,106.95,5.64,3.01,5.71,2.48,1.71,2.14,0.73,7.38,0.46,3.26,0.54,7.89
2012,Carinthia,468,46.65,26.59,32.52,218.32,6.23,4.36,5.45,2.64,1.86,2.17,0.93,7.38,0.65,4.66,0.54,7.38
2012,Lower Austria,1393,48.98,30.28,31.76,682.29,6.93,4.55,6.38,2.44,1.62,2.13,0.72,8.82,0.44,4.59,0.45,8.09
2012,Upper Austria,1219,47.58,33.64,31.0,580.0,6.77,4.91,5.4,2.79,1.74,1.89,0.76,7.45,0.45,5.21,0.44,5.59
2012,Salzburg,457,50.1,32.34,32.18,228.96,6.97,5.7,5.39,3.3,2.3,2.61,0.87,8.69,0.65,6.52,0.48,7.45
2012,Styria,1034,45.35,27.67,30.24,468.92,6.19,4.12,5.58,2.82,1.88,2.36,0.89,7.45,0.54,4.66,0.65,6.52
2012,Tyrol,622,50.75,36.03,33.62,315.67,6.13,3.95,5.23,2.79,1.86,1.86,0.68,7.52,0.44,5.03,0.44,6.52
2012,Vorarlberg,323,49.45,32.23,31.59,159.72,6.24,3.55,6.05,2.85,1.58,2.79,0.87,7.14,0.44,3.88,0.87,6.89
2012,Vienna,1568,38.74,17.04,29.23,607.44,5.84,4.69,4.78,2.17,1.74,1.58,0.54,6.49,0.58,4.05,0.44,5.43
2016,Austria,7420,46.0,31.0,30.0,3413.2,6.39,4.49,5.55,2.69,1.86,2.01,0.72,7.45,0.47,4.66,0.45,6.52
2016,Burgenland,250,43.3,29.44,27.47,108.25,5.64,3.01,5.71,2.48,1.71,2.14,0.73,7.38,0.46,3.26,0.54,7.89
2016,Carinthia,473,46.65,29.44,31.47,220.65,6.23,4.36,5.45,2.64,1.86,2.17,0.93,7.38,0.65,4.66,0.54,7.38
2016,Lower Austria,1410,48.98,33.52,30.74,690.62,6.93,4.55,6.38,2.44,1.62,2.13,0.72,8.82,0.44,4.59,0.45,8.09
2016,Upper Austria,1234,47.58,37.25,30.0,587.14,6.77,4.91,5.4,2.79,1.74,1.89,0.76,7.45,0.45,5.21,0.44,5.59
2016,Salzburg,463,50.1,35.81,31.14,231.96,6.97,5.7,5.39,3.3,2.3,2.61,0.87,8.69,0.65,6.52,0.48,7.45
2016,Styria,1046,45.35,30.64,29.26,474.36,6.19,4.12,5.58,2.82,1.88,2.36,0.89,7.45,0.54,4.66,0.65,6.52
2016,Tyrol,630,50.75,39.89,32.53,319.73,6.13,3.95,5.23,2.79,1.86,1.86,0.68,7.52,0.44,5.03,0.44,6.52
2016,Vorarlberg,327,49.45,35.69,30.57,161.7,6.24,3.55,6.05,2.85,1.58,2.79,0.87,7.14,0.44,3.88,0.87,6.89
2016,Vienna,1587,38.74,18.86,28.28,614.8,5.84,4.69,4.78,2.17,1.74,1.58,0.54,6.49,0.58,4.05,0.44,5.43
2022,Austria,7555,49.4,25.8,36.7,3728.5,6.86,4.82,5.96,2.89,2,2.16,0.77,8,0.5,5,0.48,7
2022,Burgenland,255,46.5,24.5,33.6,118.7,6.06,3.23,6.13,2.66,1.84,2.3,0.78,7.93,0.49,3.5,0.58,8.47
2022,Carinthia,482,50.1,24.5,38.5,241.5,6.69,4.68,5.85,2.84,2,2.33,1,7.93,0.7,5,0.58,7.93
2022,Lower Austria,1435,52.6,27.9,37.6,754.8,7.44,4.89,6.85,2.62,1.74,2.29,0.77,9.47,0.47,4.93,0.48,8.69
2022,Upper Austria,1256,51.1,31.0,36.7,641.6,7.27,5.27,5.8,3,1.87,2.03,0.82,8,0.48,5.6,0.47,6
2022,Salzburg,471,53.8,29.8,38.1,253.3,7.49,6.12,5.79,3.54,2.47,2.8,0.93,9.33,0.7,7,0.52,8
2022,Styria,1065,48.7,25.5,35.8,519.3,6.65,4.42,5.99,3.03,2.02,2.53,0.96,8,0.58,5,0.7,7
2022,Tyrol,641,54.5,33.2,39.8,349.8,6.58,4.24,5.62,3,2,2,0.73,8.08,0.47,5.4,0.47,7
2022,Vorarlberg,333,53.1,29.7,37.4,176.8,6.7,3.81,6.5,3.06,1.7,3,0.93,7.67,0.47,4.17,0.93,7.4
2022,Vienna,1615,41.6,15.7,34.6,672.7,6.27,5.04,5.13,2.33,1.87,1.7,0.58,6.97,0.62,4.35,0.47,5.83
2025,Austria,7732.8,48.2,24.1,38.7,3725.6,5.86,3.25,5.27,2.69,1.73,2.08,0.77,6.94,0.67,3.69,0.52,6.54
2025,Burgenland,258.6,48.6,27.8,39.2,125.6,6.22,3.04,5.55,3.38,1.98,5.55,1.15,7.38,0.77,3.85,5.55,5.55
2025,Carinthia,486.3,43.3,21.8,34.4,210.4,5.67,2.94,5.28,2.69,1.77,2.13,0.92,6.92,0.69,3.69,0.54,6.7
2025,Lower Austria,1458.8,51.6,25.1,41.5,752.8,6.03,3.41,5.45,2.77,1.73,2.23,0.79,7.69,0.69,4.15,0.58,6.92
2025,Upper Austria,1281.0,52.3,26.9,41.1,669.5,6.36,3.41,5.85,2.77,1.88,2.31,0.85,7.54,0.77,4.15,0.52,6.92
2025,Salzburg,480.1,42.9,21.2,33.2,206.1,5.09,3.35,4.44,2.31,1.85,1.85,0.69,6.04,0.69,4.23,0.46,5.54
2025,Styria,1078.9,49.8,28.1,39.5,536.8,6.01,3.72,4.93,2.96,1.85,1.9,0.85,7.88,0.62,4.54,0.5,6.58
2025,Tyrol,653.6,50.7,27.7,39.2,331.3,5.68,3.12,5.14,2.77,1.85,2.31,1.02,6.46,0.69,3.65,0.69,5.54
2025,Vorarlberg,342.2,51.2,29.9,39.4,175.1,6.56,3.75,5.66,3.22,1.85,2.54,0.98,7.73,0.69,4.62,0.69,6.92
2025,Vienna,1693.4,42.4,16.8,36.5,717.9,5.23,2.41,4.98,2.08,1.15,1.85,0.56,6.46,0.38,2.31,0.46,6.12
