year,demographic,category,vol_type,count_1000,avg_hours,p25,p50,p75
2022,gender,male,Total,1825.9,6.69,0.7,2.72,7.7
2022,gender,male,Formal,1040.5,5.23,0.7,2.02,5.7
2022,gender,male,Informal,1292.9,5.23,0.38,1.71,5.83
2022,gender,female,Total,1682.3,7.1,0.93,3.0,8.47
2022,gender,female,Formal,738.6,4.23,0.47,1.47,4.0
2022,gender,female,Informal,1322.3,6.67,0.7,2.99,8.0
2022,education,compulsory_max,Total,6.51,0.51,2.02,7.0,
2022,education,compulsory_max,Formal,4.61,0.47,1.87,5.0,
2022,education,compulsory_max,Informal,6.13,0.47,2.0,6.0,
2022,education,apprenticeship_voc,Total,7.14,0.73,3.0,8.5,
2022,education,apprenticeship_voc,Formal,4.89,0.47,2.0,5.4,
2022,education,apprenticeship_voc,Informal,6.29,0.47,2.34,7.42,
2022,education,matura,Total,7.18,0.79,3.0,8.19,
2022,education,matura,Formal,5.03,0.58,2.0,5.0,
2022,education,matura,Informal,6.13,0.49,2.1,7.0,
2022,education,university,Total,6.33,0.93,2.82,7.62,
2022,education,university,Formal,4.6,0.7,2.0,4.67,
2022,education,university,Informal,5.05,0.5,2.0,6.0,
2022,migration,second_generation,Total,5.91,0.51,2.02,6.0,
2022,migration,second_generation,Formal,4.75,0.52,2.02,5.83,
2022,migration,second_generation,Informal,5.16,0.35,1.4,4.8,
2022,migration,no_migration,Total,7.09,0.82,3.0,8.51,
2022,migration,no_migration,Formal,4.83,0.5,2.0,5.0,
2022,migration,no_migration,Informal,6.14,0.52,2.39,7.54,
2022,employment,employed,Total,6.36,0.77,2.8,7.4,
2022,employment,employed,Formal,4.67,0.58,2.0,5.0,
2022,employment,employed,Informal,5.28,0.47,2.0,6.0,
2022,employment,retired,Total,8.18,0.93,3.5,10.0,
2022,employment,retired,Formal,5.44,0.5,2.0,5.0,
2022,employment,retired,Informal,7.27,0.7,3.0,10.0,
2022,employment,other_employment,Total,6.99,0.7,2.8,7.54,
2022,employment,other_employment,Formal,4.58,0.47,1.63,5.0,
2022,employment,other_employment,Informal,6.38,0.48,2.02,6.97,
2022,municipality,Gemeinden <=2 500 Einw.,Total,7.15,0.85,3.0,8.17,
2022,municipality,Gemeinden <=2 500 Einw.,Formal,4.35,0.47,1.87,4.82,
2022,municipality,Gemeinden <=2 500 Einw.,Informal,6.45,0.47,2.29,7.0,
2022,municipality,Gemeinden <=10 000 Einw.,Total,7.17,0.82,3.0,9.23,
2022,municipality,Gemeinden <=10 000 Einw.,Formal,5.09,0.52,2.0,5.6,
2022,municipality,Gemeinden <=10 000 Einw.,Informal,6.18,0.64,2.41,8.0,
2022,municipality,Gemeinden <=100 000 Einw.,Total,7.02,0.78,3.0,7.7,
2022,municipality,Gemeinden <=100 000 Einw.,Formal,4.93,0.5,2.0,5.0,
2022,municipality,Gemeinden <=100 000 Einw.,Informal,6.31,0.56,2.33,7.59,
2022,municipality,Gemeinden >100 000 Einw.,Total,6.27,0.7,2.57,7.15,
2022,municipality,Gemeinden >100 000 Einw.,Formal,4.95,0.7,1.94,5.0,
2022,municipality,Gemeinden >100 000 Einw.,Informal,5.22,0.47,1.87,5.87,
2022,region,all,Total,6.89,0.77,2.89,8.0,
2022,region,all,Formal,4.82,0.5,2.0,5.0,
2022,region,all,Informal,5.96,0.48,2.16,7.0,
2022,region,burgenland,Total,6.06,0.78,2.66,7.93,
2022,region,burgenland,Formal,3.23,0.49,1.84,3.5,
2022,region,burgenland,Informal,6.13,0.58,2.3,8.47,
2022,region,kaernten,Total,6.69,1.0,2.84,7.93,
2022,region,kaernten,Formal,4.68,0.7,2.0,5.0,
2022,region,kaernten,Informal,5.85,0.58,2.33,7.93,
2022,region,niederoesterreich,Total,7.44,0.77,2.62,9.47,
2022,region,niederoesterreich,Formal,4.89,0.47,1.87,4.93,
2022,region,niederoesterreich,Informal,6.85,0.48,2.29,8.69,
2022,region,oberoesterreich,Total,7.27,0.82,3.0,8.0,
2022,region,oberoesterreich,Formal,5.27,0.48,1.87,5.6,
2022,region,oberoesterreich,Informal,5.8,0.47,2.03,6.0,
2022,region,salzburg,Total,7.49,0.93,3.54,9.33,
2022,region,salzburg,Formal,6.12,0.7,2.47,7.0,
2022,region,salzburg,Informal,5.79,0.52,2.8,8.0,
2022,region,steiermark,Total,6.65,0.96,3.03,8.0,
2022,region,steiermark,Formal,4.42,0.58,2.02,5.0,
2022,region,steiermark,Informal,5.99,0.7,2.53,7.0,
2022,region,tirol,Total,6.58,0.73,3.0,8.08,
2022,region,tirol,Formal,4.24,0.47,2.0,5.4,
2022,region,tirol,Informal,5.62,0.47,2.0,7.0,
2022,region,vorarlberg,Total,6.7,0.93,3.06,7.67,
2022,region,vorarlberg,Formal,3.81,0.47,1.7,4.17,
2022,region,vorarlberg,Informal,6.5,0.93,3.0,7.4,
2022,region,wien,Total,6.27,0.58,2.33,6.97,
2022,region,wien,Formal,5.04,0.62,1.87,4.35,
2022,region,wien,Informal,5.31,0.47,1.7,5.83,
2025,gender,all,Total,1918.7,5.46,0.69,2.5,6.83
2025,gender,all,Formal,1066.8,3.47,0.69,1.85,4.62
2025,gender,all,Informal,1486.5,4.56,0.46,1.69,5.23
2025,gender,female,Total,1806.8,6.28,0.87,2.77,7.62
2025,gender,female,Formal,794.6,2.97,0.48,1.38,3.23
2025,gender,female,Informal,1507.2,5.97,0.69,2.31,7.63
2025,education,all,Total,5.14,0.58,2.17,6.46,
2025,education,all,Formal,3.23,0.46,1.54,3.46,
2025,education,all,Informal,4.77,0.46,1.85,6.0,
2025,education,apprenticeship_voc,Total,6.21,0.85,2.77,7.62,
2025,education,apprenticeship_voc,Formal,3.49,0.69,1.85,4.62,
2025,education,apprenticeship_voc,Informal,5.66,0.58,2.31,6.92,
2025,education,matura,Total,5.96,0.96,2.83,6.92,
2025,education,matura,Formal,3.25,0.69,1.85,3.69,
2025,education,matura,Informal,5.3,0.67,2.23,5.96,
2025,education,university,Total,5.56,0.74,2.31,6.71,
2025,education,university,Formal,2.9,0.48,1.38,3.23,
2025,education,university,Informal,4.86,0.46,1.81,6.0,
2025,migration,all,Total,6.04,0.92,2.77,7.35,
2025,migration,all,Formal,3.41,0.69,1.85,3.98,
2025,migration,all,Informal,5.37,0.58,2.19,6.75,
2025,migration,first_generation,Total,5.14,0.46,2.31,5.96,
2025,migration,first_generation,Formal,2.36,0.38,1.31,2.88,
2025,migration,first_generation,Informal,4.92,0.4,1.73,5.54,
2025,employment,all,Total,5.27,0.72,2.42,6.46,
2025,employment,all,Formal,2.99,0.69,1.73,3.46,
2025,employment,all,Informal,4.63,0.46,1.81,5.31,
2025,employment,retired,Total,7.45,1.04,3.63,9.46,
2025,employment,retired,Formal,4.0,0.58,1.85,4.62,
2025,employment,retired,Informal,6.93,0.92,3.46,9.23,
2025,employment,other_employment,Total,5.77,0.69,2.31,6.85,
2025,employment,other_employment,Formal,3.21,0.69,1.73,3.69,
2025,employment,other_employment,Informal,5.28,0.5,1.85,6.0,
2025,municipality,all,Total,6.24,0.9,2.88,8.02,
2025,municipality,all,Formal,3.1,0.69,1.85,3.69,
2025,municipality,all,Informal,5.77,0.58,2.31,6.92,
2025,municipality,Gemeinden <=10 000 Einw.,Total,5.92,0.88,2.77,6.92,
2025,municipality,Gemeinden <=10 000 Einw.,Formal,3.66,0.69,2.15,4.62,
2025,municipality,Gemeinden <=10 000 Einw.,Informal,5.05,0.46,1.85,6.17,
2025,municipality,Gemeinden <=100 000 Einw.,Total,6.0,0.96,2.96,7.38,
2025,municipality,Gemeinden <=100 000 Einw.,Formal,3.51,0.69,1.85,4.62,
2025,municipality,Gemeinden <=100 000 Einw.,Informal,5.37,0.67,2.31,6.92,
2025,municipality,Gemeinden >100 000 Einw.,Total,5.42,0.58,2.31,6.87,
2025,municipality,Gemeinden >100 000 Einw.,Formal,2.65,0.46,1.17,2.77,
2025,municipality,Gemeinden >100 000 Einw.,Informal,5.1,0.46,1.88,6.46,
2025,region,all,Total,5.86,0.77,2.69,6.94,
2025,region,all,Formal,3.25,0.67,1.73,3.69,
2025,region,all,Informal,5.27,0.52,2.08,6.54,
2025,region,burgenland,Total,6.22,1.15,3.38,7.38,
2025,region,burgenland,Formal,3.04,0.77,1.98,3.85,
2025,region,burgenland,Informal,5.55,5.55,5.55,5.55,
2025,region,kaernten,Total,5.67,0.92,2.69,6.92,
2025,region,kaernten,Formal,2.94,0.69,1.77,3.69,
2025,region,kaernten,Informal,5.28,0.54,2.13,6.7,
2025,region,niederoesterreich,Total,6.03,0.79,2.77,7.69,
2025,region,niederoesterreich,Formal,3.41,0.69,1.73,4.15,
2025,region,niederoesterreich,Informal,5.45,0.58,2.23,6.92,
2025,region,oberoesterreich,Total,6.36,0.85,2.77,7.54,
2025,region,oberoesterreich,Formal,3.41,0.77,1.88,4.15,
2025,region,oberoesterreich,Informal,5.85,0.52,2.31,6.92,
2025,region,salzburg,Total,5.09,0.69,2.31,6.04,
2025,region,salzburg,Formal,3.35,0.69,1.85,4.23,
2025,region,salzburg,Informal,4.44,0.46,1.85,5.54,
2025,region,steiermark,Total,6.01,0.85,2.96,7.88,
2025,region,steiermark,Formal,3.72,0.62,1.85,4.54,
2025,region,steiermark,Informal,4.93,0.5,1.9,6.58,
2025,region,tirol,Total,5.68,1.02,2.77,6.46,
2025,region,tirol,Formal,3.12,0.69,1.85,3.65,
2025,region,tirol,Informal,5.14,0.69,2.31,5.54,
2025,region,vorarlberg,Total,6.56,0.98,3.22,7.73,
2025,region,vorarlberg,Formal,3.75,0.69,1.85,4.62,
2025,region,vorarlberg,Informal,5.66,0.69,2.54,6.92,
2025,region,wien,Total,5.23,0.56,2.08,6.46,
2025,region,wien,Formal,2.41,0.38,1.15,2.31,
2025,region,wien,Informal,4.98,0.46,1.85,6.12,
2006,Total,all,Total,3312.3,7.01,0.73,2.91,7.97
2006,Total,all,Formal,1927.6,5.04,0.52,1.9,4.66
2006,Total,all,Informal,2857.9,6.55,0.47,2.09,6.62
2006,gender,male,Total,2009.0,6.47,0.73,2.97,7.45
2006,gender,male,Formal,942.9,5.23,0.67,2.1,5.87
2006,gender,male,Informal,1305.2,5.29,0.36,1.67,6.36
2006,gender,female,Total,1633.5,7.81,0.88,3.13,7.67
2006,gender,female,Formal,707.0,3.94,0.47,1.4,3.65
2006,gender,female,Informal,1305.5,6.11,0.71,3.2,8.52
2006,age_group,<40,Total,1361.1,5.59,0.7,2.46,6.71
2006,age_group,<40,Formal,601.5,4.91,0.7,2.11,5.56
2006,age_group,<40,Informal,857.4,4.91,0.46,1.57,4.94
2006,age_group,40-59,Total,1252.8,7.65,0.79,3.27,7.53
2006,age_group,40-59,Formal,694.0,4.25,0.47,2.02,5.03
2006,age_group,40-59,Informal,919.5,6.28,0.49,2.37,7.28
2006,age_group,60+,Total,934.3,8.25,0.85,3.39,10.39
2006,age_group,60+,Formal,474.0,4.61,0.45,2.01,4.9
2006,age_group,60+,Informal,795.8,7.38,0.59,2.96,10.09
2006,education,compulsory_max,Total,482.0,6.97,0.56,2.08,7.3
2006,education,compulsory_max,Formal,175.8,5.03,0.47,2.0,4.55
2006,education,compulsory_max,Informal,327.3,6.41,0.47,2.04,6.41
2006,education,BMS,Total,1357.9,7.55,0.69,3.08,9.08
2006,education,BMS,Formal,850.6,4.73,0.47,2.06,5.43
2006,education,BMS,Informal,1334.7,6.51,0.46,2.33,7.76
2006,education,Matura,Total,603.6,6.64,0.77,3.16,7.92
2006,education,Matura,Formal,330.8,5.17,0.61,2.08,5.26
2006,education,Matura,Informal,485.9,6.63,0.47,2.3,7.6
2006,education,University,Total,758.5,6.07,0.86,3.01,7.39
2006,education,University,Formal,412.7,4.63,0.63,1.86,4.72
2006,education,University,Informal,563.4,5.17,0.5,2.08,6.48
2006,migration_background,Migration background,Total,605.5,6.31,0.46,1.87,5.59
2006,migration_background,Migration background,Formal,202.6,5.08,0.53,1.99,6.12
2006,migration_background,Migration background,Informal,494.9,5.28,0.34,1.52,4.75
2006,migration_background,No migration background,Total,2737.9,7.4,0.9,2.8,7.67
2006,migration_background,No migration background,Formal,1601.4,4.49,0.46,1.92,5.39
2006,migration_background,No migration background,Informal,1994.8,6.63,0.47,2.45,8.2
2006,employment,Employed,Total,1810.9,6.17,0.81,2.88,7.43
2006,employment,Employed,Formal,1048.0,4.49,0.56,2.01,4.73
2006,employment,Employed,Informal,1675.8,5.37,0.49,1.93,6.3
2006,employment,Retired,Total,833.5,8.24,0.84,3.33,9.41
2006,employment,Retired,Formal,417.4,5.16,0.5,2.02,5.19
2006,employment,Retired,Informal,668.7,6.94,0.72,2.99,10.47
2006,employment,Miscellaneous,Total,765.6,7.58,0.73,3.06,7.11
2006,employment,Miscellaneous,Formal,325.6,4.93,0.44,1.64,4.6
2006,employment,Miscellaneous,Informal,454.3,6.1,0.44,1.92,7.38
2006,municipality_size,"â‰¤2,500 inhabitants",Total,764.3,7.2,0.89,2.76,7.69
2006,municipality_size,"â‰¤2,500 inhabitants",Formal,489.8,4.02,0.51,1.88,4.72
2006,municipality_size,"â‰¤2,500 inhabitants",Informal,564.3,6.41,0.46,2.27,7.27
2006,municipality_size,"â‰¤10,000 inhabitants",Total,1043.9,7.04,0.85,2.73,8.93
2006,municipality_size,"â‰¤10,000 inhabitants",Formal,638.9,5.02,0.52,1.95,5.91
2006,municipality_size,"â‰¤10,000 inhabitants",Informal,849.2,6.27,0.7,2.39,7.89
2006,municipality_size,"â‰¤100,000 inhabitants",Total,627.9,7.65,0.8,2.93,7.38
2006,municipality_size,"â‰¤100,000 inhabitants",Formal,282.8,4.65,0.47,1.95,5.04
2006,municipality_size,"â‰¤100,000 inhabitants",Informal,451.8,6.15,0.51,2.15,6.95
2006,municipality_size,">100,000 inhabitants",Total,1107.4,6.36,0.66,2.37,6.58
2006,municipality_size,">100,000 inhabitants",Formal,346.4,4.9,0.73,2.07,4.59
2006,municipality_size,">100,000 inhabitants",Informal,737.2,5.58,0.47,1.85,6.35
2006,region,all,Total,3750.8,6.26,0.73,2.84,8.26
2006,region,all,Formal,1974.2,5.19,0.5,1.97,5.26
2006,region,all,Informal,2786.9,6.34,0.45,2.08,7.38
2006,region,burgenland,Total,126.7,6.37,0.84,2.52,7.63
2006,region,burgenland,Formal,53.7,2.93,0.52,1.69,3.77
2006,region,burgenland,Informal,80.8,6.51,0.61,2.22,8.77
2006,region,Kأ¤rnten,Total,246.4,6.05,0.98,2.78,7.66
2006,region,Kأ¤rnten,Formal,96.3,4.71,0.74,2.07,4.73
2006,region,Kأ¤rnten,Informal,177.7,5.63,0.63,2.22,8.49
2006,region,Niederأ¶sterreich,Total,802.4,6.97,0.78,2.87,10.16
2006,region,Niederأ¶sterreich,Formal,409.6,4.49,0.47,1.82,5.4
2006,region,Niederأ¶sterreich,Informal,549.9,6.44,0.48,2.1,8.22
2006,region,Oberأ¶sterreich,Total,618.9,7.13,0.85,2.84,8.46
2006,region,Oberأ¶sterreich,Formal,391.0,5.25,0.52,1.99,5.68
2006,region,Oberأ¶sterreich,Informal,463.0,5.76,0.49,2.21,5.47
2006,region,salzburg,Total,251.1,7.85,0.84,3.77,10.05
2006,region,salzburg,Formal,139.5,6.59,0.64,2.29,6.84
2006,region,salzburg,Informal,194.6,5.58,0.54,2.9,8.3
2006,region,steiermark,Total,514.1,7.0,0.96,3.03,7.35
2006,region,steiermark,Formal,243.7,4.62,0.57,1.93,4.98
2006,region,steiermark,Informal,405.2,6.54,0.66,2.76,7.6
2006,region,tirol,Total,286.5,6.73,0.68,2.88,7.85
2006,region,tirol,Formal,179.3,4.18,0.49,1.99,5.46
2006,region,tirol,Informal,237.1,6.04,0.45,2.19,7.36
2006,region,vorarlberg,Total,189.1,6.26,0.85,2.79,7.51
2006,region,vorarlberg,Formal,81.4,4.02,0.44,1.6,4.04
2006,region,vorarlberg,Informal,114.1,6.74,0.93,2.86,8.0
2006,region,wien,Total,689.1,5.74,0.63,2.44,7.55
2006,region,wien,Formal,242.2,4.94,0.62,1.69,4.57
2006,region,wien,Informal,495.5,5.55,0.5,1.63,6.28
2006,task_type,leadership,Total,523.3,9.63,1.82,5.06,13.39
2006,task_type,leadership,Formal,459.5,7.85,1.27,3.47,10.24
2006,task_type,leadership,Informal,216.1,5.07,0.56,2.12,7.17
2006,task_type,core_tasks,Total,926.7,7.42,1.14,4.05,9.86
2006,task_type,core_tasks,Formal,973.9,5.25,0.88,2.44,5.83
2006,task_type,core_tasks,Informal,506.0,5.35,0.49,2.01,6.56
2006,task_type,support_tasks,Total,808.9,6.86,0.8,2.68,8.69
2006,task_type,support_tasks,Formal,692.8,4.3,0.35,1.2,4.38
2006,task_type,support_tasks,Informal,456.2,5.89,0.59,2.38,7.38
2012,Total,all,Total,3272.3,6.61,0.76,2.85,8.33
2012,Total,all,Formal,1597.9,4.84,0.53,2.15,4.78
2012,Total,all,Informal,2549.1,5.67,0.49,2.31,7.22
2012,gender,male,Total,1826.7,6.77,0.77,2.91,7.65
2012,gender,male,Formal,1184.9,5.62,0.65,2.02,5.22
2012,gender,male,Informal,1399.8,5.73,0.39,1.73,6.16
2012,gender,female,Total,1629.8,7.76,0.94,3.2,8.99
2012,gender,female,Formal,727.8,4.47,0.5,1.51,3.61
2012,gender,female,Informal,1251.0,6.55,0.71,2.75,7.54
2012,age_group,<40,Total,1288.3,5.61,0.75,2.29,7.24
2012,age_group,<40,Formal,624.8,5.14,0.67,2.01,6.31
2012,age_group,<40,Informal,879.4,4.91,0.49,1.74,4.77
2012,age_group,40-59,Total,1250.1,6.66,0.85,3.1,8.92
2012,age_group,40-59,Formal,605.6,4.55,0.47,1.95,4.94
2012,age_group,40-59,Informal,918.0,5.99,0.5,2.3,6.86
2012,age_group,60+,Total,1006.2,7.4,0.72,3.31,9.24
2012,age_group,60+,Formal,429.8,5.37,0.52,1.79,4.74
2012,age_group,60+,Informal,720.0,7.45,0.63,2.84,9.43
2012,education,compulsory_max,Total,451.4,6.94,0.52,1.88,6.99
2012,education,compulsory_max,Formal,200.0,4.59,0.47,1.86,4.68
2012,education,compulsory_max,Informal,344.8,5.78,0.49,2.08,6.09
2012,education,BMS,Total,1446.7,7.18,0.73,2.86,9.26
2012,education,BMS,Formal,895.3,5.09,0.44,1.93,5.59
2012,education,BMS,Informal,1261.1,6.06,0.44,2.48,7.96
2012,education,Matura,Total,642.7,6.61,0.85,3.03,8.51
2012,education,Matura,Formal,349.3,5.25,0.61,1.96,4.74
2012,education,Matura,Informal,437.5,6.51,0.44,2.22,7.16
2012,education,University,Total,675.2,6.6,1.01,2.59,7.17
2012,education,University,Formal,405.1,4.49,0.67,2.04,4.52
2012,education,University,Informal,523.2,5.0,0.53,2.14,6.54
2012,migration_background,Migration background,Total,555.6,6.07,0.55,1.9,5.93
2012,migration_background,Migration background,Formal,211.4,4.35,0.52,2.18,6.14
2012,migration_background,Migration background,Informal,562.6,4.88,0.37,1.31,4.66
2012,migration_background,No migration background,Total,3021.9,7.68,0.83,3.12,8.67
2012,migration_background,No migration background,Formal,1681.8,4.93,0.5,2.12,4.94
2012,migration_background,No migration background,Informal,2401.7,6.32,0.51,2.2,8.07
2012,employment,Employed,Total,1937.7,6.41,0.71,2.73,6.8
2012,employment,Employed,Formal,1092.3,4.59,0.59,2.17,5.3
2012,employment,Employed,Informal,1568.6,5.71,0.48,1.94,6.01
2012,employment,Retired,Total,764.5,8.13,0.95,3.84,9.93
2012,employment,Retired,Formal,356.2,5.07,0.49,1.99,4.61
2012,employment,Retired,Informal,619.5,7.99,0.64,2.86,9.02
2012,employment,Miscellaneous,Total,677.6,7.36,0.77,2.63,8.13
2012,employment,Miscellaneous,Formal,271.6,4.27,0.5,1.77,4.99
2012,employment,Miscellaneous,Informal,557.0,6.41,0.46,2.14,6.8
2012,municipality_size,"â‰¤2,500 inhabitants",Total,925.0,6.59,0.85,3.27,7.45
2012,municipality_size,"â‰¤2,500 inhabitants",Formal,450.2,4.53,0.45,1.86,4.72
2012,municipality_size,"â‰¤2,500 inhabitants",Informal,518.7,5.82,0.49,2.12,6.33
2012,municipality_size,"â‰¤10,000 inhabitants",Total,1137.5,6.65,0.81,3.25,9.72
2012,municipality_size,"â‰¤10,000 inhabitants",Formal,637.4,4.66,0.49,1.81,5.56
2012,municipality_size,"â‰¤10,000 inhabitants",Informal,895.2,6.65,0.63,2.6,7.88
2012,municipality_size,"â‰¤100,000 inhabitants",Total,662.2,7.17,0.76,2.92,8.24
2012,municipality_size,"â‰¤100,000 inhabitants",Formal,249.4,4.75,0.46,1.83,4.93
2012,municipality_size,"â‰¤100,000 inhabitants",Informal,459.9,5.82,0.52,2.37,7.1
2012,municipality_size,">100,000 inhabitants",Total,900.2,6.78,0.76,2.71,6.7
2012,municipality_size,">100,000 inhabitants",Formal,450.6,5.09,0.68,1.95,4.9
2012,municipality_size,">100,000 inhabitants",Informal,807.6,5.66,0.49,1.9,6.11
2012,region,all,Total,3324.2,6.25,0.78,3.08,8.37
2012,region,all,Formal,1720.2,4.78,0.49,2.0,4.73
2012,region,all,Informal,2546.1,6.16,0.44,2.19,6.93
2012,region,burgenland,Total,103.6,6.62,0.76,2.49,8.67
2012,region,burgenland,Formal,65.9,2.91,0.52,1.86,3.83
2012,region,burgenland,Informal,81.7,6.69,0.53,2.39,8.75
2012,region,Kأ¤rnten,Total,239.4,7.31,1.1,2.64,8.42
2012,region,Kأ¤rnten,Formal,99.0,4.8,0.77,1.95,4.63
2012,region,Kأ¤rnten,Informal,177.9,6.35,0.57,2.49,7.46
2012,region,Niederأ¶sterreich,Total,712.6,7.45,0.72,2.43,9.42
2012,region,Niederأ¶sterreich,Formal,411.0,5.26,0.45,2.05,5.1
2012,region,Niederأ¶sterreich,Informal,550.0,7.5,0.49,2.21,9.16
2012,region,Oberأ¶sterreich,Total,525.6,7.22,0.77,2.93,8.78
2012,region,Oberأ¶sterreich,Formal,308.0,5.52,0.46,1.73,5.05
2012,region,Oberأ¶sterreich,Informal,446.0,5.41,0.42,2.19,6.26
2012,region,salzburg,Total,241.1,8.11,0.95,3.26,8.74
2012,region,salzburg,Formal,137.5,6.53,0.67,2.29,6.88
2012,region,salzburg,Informal,171.2,5.71,0.56,2.76,7.42
2012,region,steiermark,Total,421.5,7.24,0.88,2.83,7.39
2012,region,steiermark,Formal,239.0,4.52,0.58,1.97,5.42
2012,region,steiermark,Informal,394.1,5.47,0.73,2.32,7.28
2012,region,tirol,Total,282.4,7.07,0.67,2.99,7.51
2012,region,tirol,Formal,218.4,4.24,0.43,1.93,4.99
2012,region,tirol,Informal,219.8,6.06,0.47,1.83,7.28
2012,region,vorarlberg,Total,154.8,7.34,1.0,2.96,7.04
2012,region,vorarlberg,Formal,91.7,3.92,0.47,1.8,3.92
2012,region,vorarlberg,Informal,103.9,7.02,0.89,3.27,7.16
2012,region,wien,Total,690.7,6.87,0.56,2.1,7.3
2012,region,wien,Formal,252.7,5.18,0.58,1.83,4.66
2012,region,wien,Informal,494.0,5.52,0.49,1.59,6.36
2012,task_type,leadership,Total,414.3,9.39,2.07,5.35,12.33
2012,task_type,leadership,Formal,478.6,7.79,1.16,3.16,10.09
2012,task_type,leadership,Informal,220.8,5.2,0.62,1.98,6.97
2012,task_type,core_tasks,Total,940.4,7.58,1.3,3.99,9.39
2012,task_type,core_tasks,Formal,910.2,4.72,1.02,2.43,6.32
2012,task_type,core_tasks,Informal,500.6,5.01,0.48,2.17,5.66
2012,task_type,support_tasks,Total,791.2,7.13,0.77,2.99,8.33
2012,task_type,support_tasks,Formal,690.6,4.07,0.36,1.22,3.86
2012,task_type,support_tasks,Informal,402.5,5.45,0.55,2.12,6.5
2016,Total,all,Total,3868.4,6.6,0.77,2.99,8.74
2016,Total,all,Formal,1956.5,4.48,0.54,2.13,4.57
2016,Total,all,Informal,2449.7,6.09,0.49,2.18,6.97
2016,gender,male,Total,1735.2,6.88,0.72,2.82,7.98
2016,gender,male,Formal,1151.7,5.49,0.76,1.92,5.21
2016,gender,male,Informal,1158.3,5.53,0.41,1.72,6.31
2016,gender,female,Total,1778.6,6.6,0.91,2.91,8.84
2016,gender,female,Formal,824.5,3.97,0.43,1.52,4.33
2016,gender,female,Informal,1422.0,6.38,0.7,3.06,7.36
2016,age_group,<40,Total,1169.7,6.17,0.73,2.36,7.15
2016,age_group,<40,Formal,731.8,5.57,0.73,2.05,5.95
2016,age_group,<40,Informal,784.0,5.09,0.47,1.81,4.75
2016,age_group,40-59,Total,1329.1,7.33,0.73,2.89,8.18
2016,age_group,40-59,Formal,782.3,4.0,0.43,1.79,5.04
2016,age_group,40-59,Informal,871.5,6.2,0.47,2.33,7.46
2016,age_group,60+,Total,942.5,8.55,0.82,3.11,9.07
2016,age_group,60+,Formal,497.0,5.19,0.44,1.69,5.1
2016,age_group,60+,Informal,680.0,7.05,0.58,3.21,8.9
2016,education,compulsory_max,Total,419.6,6.09,0.56,2.21,6.59
2016,education,compulsory_max,Formal,194.5,5.05,0.51,1.89,4.91
2016,education,compulsory_max,Informal,363.3,6.17,0.49,1.8,6.35
2016,education,BMS,Total,1381.7,6.98,0.66,2.93,8.86
2016,education,BMS,Formal,779.6,5.15,0.43,2.09,5.64
2016,education,BMS,Informal,1062.5,6.42,0.46,2.5,7.3
2016,education,Matura,Total,706.8,7.08,0.83,2.8,7.67
2016,education,Matura,Formal,361.3,4.58,0.58,1.85,4.87
2016,education,Matura,Informal,451.0,6.2,0.48,2.24,6.48
2016,education,University,Total,813.6,6.15,1.02,2.64,7.25
2016,education,University,Formal,438.3,4.32,0.68,1.94,4.97
2016,education,University,Informal,592.1,4.8,0.5,2.19,6.21
2016,migration_background,Migration background,Total,594.7,5.54,0.54,1.93,5.78
2016,migration_background,Migration background,Formal,247.8,4.33,0.52,1.99,5.75
2016,migration_background,Migration background,Informal,546.7,5.21,0.33,1.49,4.86
2016,migration_background,No migration background,Total,3072.5,7.12,0.78,2.73,8.75
2016,migration_background,No migration background,Formal,1428.0,4.93,0.54,1.97,5.42
2016,migration_background,No migration background,Informal,2265.5,6.22,0.56,2.27,7.36
2016,employment,Employed,Total,2290.9,6.77,0.78,2.77,7.16
2016,employment,Employed,Formal,1011.4,4.89,0.53,2.01,5.39
2016,employment,Employed,Informal,1536.0,5.51,0.44,2.13,5.57
2016,employment,Retired,Total,824.0,8.3,1.01,3.52,9.96
2016,employment,Retired,Formal,368.2,5.12,0.49,2.1,4.84
2016,employment,Retired,Informal,684.7,7.95,0.72,2.86,10.84
2016,employment,Miscellaneous,Total,706.1,6.44,0.69,2.84,7.2
2016,employment,Miscellaneous,Formal,339.9,4.83,0.5,1.63,5.08
2016,employment,Miscellaneous,Informal,567.8,5.96,0.45,2.0,7.0
2016,municipality_size,"â‰¤2,500 inhabitants",Total,808.0,6.77,0.89,3.06,8.46
2016,municipality_size,"â‰¤2,500 inhabitants",Formal,524.7,4.75,0.44,1.76,5.3
2016,municipality_size,"â‰¤2,500 inhabitants",Informal,589.6,6.89,0.49,2.19,7.19
2016,municipality_size,"â‰¤10,000 inhabitants",Total,1124.4,6.5,0.77,2.98,8.73
2016,municipality_size,"â‰¤10,000 inhabitants",Formal,626.0,4.76,0.57,1.98,5.71
2016,municipality_size,"â‰¤10,000 inhabitants",Informal,724.9,5.7,0.7,2.64,7.39
2016,municipality_size,"â‰¤100,000 inhabitants",Total,535.5,6.72,0.72,3.24,7.11
2016,municipality_size,"â‰¤100,000 inhabitants",Formal,276.4,4.92,0.53,2.14,5.06
2016,municipality_size,"â‰¤100,000 inhabitants",Informal,487.3,5.81,0.59,2.24,7.22
2016,municipality_size,">100,000 inhabitants",Total,1031.2,6.24,0.74,2.54,7.34
2016,municipality_size,">100,000 inhabitants",Formal,368.6,4.57,0.7,1.83,4.78
2016,municipality_size,">100,000 inhabitants",Informal,896.6,5.14,0.43,1.76,6.0
2016,region,all,Total,3748.4,6.5,0.72,2.92,8.61
2016,region,all,Formal,1826.4,5.01,0.53,1.86,4.96
2016,region,all,Informal,2346.9,5.68,0.49,2.13,7.55
2016,region,burgenland,Total,101.3,5.63,0.7,2.7,7.86
2016,region,burgenland,Formal,60.8,3.22,0.5,1.69,3.24
2016,region,burgenland,Informal,70.6,5.54,0.58,2.34,9.29
2016,region,Kأ¤rnten,Total,194.2,7.19,1.05,2.72,8.52
2016,region,Kأ¤rnten,Formal,120.4,4.57,0.69,2.02,5.18
2016,region,Kأ¤rnten,Informal,156.3,5.95,0.63,2.5,7.67
2016,region,Niederأ¶sterreich,Total,772.7,6.77,0.71,2.66,9.86
2016,region,Niederأ¶sterreich,Formal,376.7,4.93,0.45,1.76,4.84
2016,region,Niederأ¶sterreich,Informal,498.5,6.84,0.47,2.46,8.85
2016,region,Oberأ¶sterreich,Total,565.3,6.89,0.87,2.93,8.38
2016,region,Oberأ¶sterreich,Formal,319.7,5.25,0.49,1.86,5.41
2016,region,Oberأ¶sterreich,Informal,459.4,6.01,0.49,2.17,5.99
2016,region,salzburg,Total,239.9,7.59,0.88,3.33,8.84
2016,region,salzburg,Formal,116.4,6.36,0.67,2.26,6.64
2016,region,salzburg,Informal,173.9,5.54,0.47,3.0,7.87
2016,region,steiermark,Total,537.8,7.19,0.99,2.96,8.22
2016,region,steiermark,Formal,225.7,4.17,0.58,2.05,4.93
2016,region,steiermark,Informal,307.1,5.69,0.68,2.51,7.66
2016,region,tirol,Total,327.2,6.54,0.74,3.03,8.32
2016,region,tirol,Formal,168.9,3.95,0.45,1.98,5.35
2016,region,tirol,Informal,244.3,5.25,0.52,1.87,6.96
2016,region,vorarlberg,Total,178.9,6.78,0.86,3.04,6.92
2016,region,vorarlberg,Formal,77.1,3.62,0.5,1.65,4.14
2016,region,vorarlberg,Informal,130.1,6.93,0.85,2.8,7.6
2016,region,wien,Total,619.9,6.02,0.56,2.49,7.46
2016,region,wien,Formal,257.2,5.27,0.57,1.69,4.47
2016,region,wien,Informal,479.7,4.93,0.43,1.56,6.01
2016,task_type,leadership,Total,491.9,8.74,2.01,4.87,11.43
2016,task_type,leadership,Formal,478.8,7.59,1.18,3.07,9.45
2016,task_type,leadership,Informal,205.5,4.99,0.56,1.88,6.69
2016,task_type,core_tasks,Total,993.2,8.24,1.16,4.2,9.05
2016,task_type,core_tasks,Formal,955.1,4.83,0.91,2.5,6.3
2016,task_type,core_tasks,Informal,478.1,5.52,0.43,2.04,6.36
2016,task_type,support_tasks,Total,821.2,6.84,0.69,3.06,8.08
2016,task_type,support_tasks,Formal,809.2,4.53,0.32,1.13,3.67
2016,task_type,support_tasks,Informal,363.7,5.42,0.59,2.22,7.53
